--
-- File generated with SQLiteStudio v3.3.3 on tors jan. 13 12:53:12 2022
--
-- Text encoding used: UTF-8
--
PRAGMA foreign_keys = off;
BEGIN TRANSACTION;

-- Table: booking
CREATE TABLE booking (Id INTEGER PRIMARY KEY NOT NULL, Customer_Id INTEGER NOT NULL REFERENCES customers (Id), Timestamp DATETIME NOT NULL);
INSERT INTO booking (Id, Customer_Id, Timestamp) VALUES (1, 1, '2022-01-11 17:48:43');
INSERT INTO booking (Id, Customer_Id, Timestamp) VALUES (2, 2, '2022-01-11 17:48:46');
INSERT INTO booking (Id, Customer_Id, Timestamp) VALUES (3, 3, '2022-01-11 17:48:48');
INSERT INTO booking (Id, Customer_Id, Timestamp) VALUES (4, 4, '2022-01-11 17:48:51');
INSERT INTO booking (Id, Customer_Id, Timestamp) VALUES (5, 5, '2022-01-11 17:48:53');
INSERT INTO booking (Id, Customer_Id, Timestamp) VALUES (6, 6, '2022-01-11 17:48:56');
INSERT INTO booking (Id, Customer_Id, Timestamp) VALUES (7, 7, '2022-01-11 17:48:58');
INSERT INTO booking (Id, Customer_Id, Timestamp) VALUES (8, 8, '2022-01-11 17:49:02');
INSERT INTO booking (Id, Customer_Id, Timestamp) VALUES (9, 9, '2022-01-11 17:49:04');
INSERT INTO booking (Id, Customer_Id, Timestamp) VALUES (10, 10, '2022-01-11 17:49:07');
INSERT INTO booking (Id, Customer_Id, Timestamp) VALUES (11, 11, '2022-01-11 17:49:09');
INSERT INTO booking (Id, Customer_Id, Timestamp) VALUES (12, 12, '2022-01-11 17:49:11');
INSERT INTO booking (Id, Customer_Id, Timestamp) VALUES (13, 13, '2022-01-11 17:49:30');
INSERT INTO booking (Id, Customer_Id, Timestamp) VALUES (14, 14, '2022-01-11 17:49:32');
INSERT INTO booking (Id, Customer_Id, Timestamp) VALUES (15, 15, '2022-01-11 17:49:37');
INSERT INTO booking (Id, Customer_Id, Timestamp) VALUES (16, 16, '2022-01-11 17:49:39');
INSERT INTO booking (Id, Customer_Id, Timestamp) VALUES (17, 17, '2022-01-11 17:49:42');
INSERT INTO booking (Id, Customer_Id, Timestamp) VALUES (18, 18, '2022-01-11 17:49:44');
INSERT INTO booking (Id, Customer_Id, Timestamp) VALUES (19, 19, '2022-01-11 17:49:47');
INSERT INTO booking (Id, Customer_Id, Timestamp) VALUES (20, 20, '2022-01-11 17:49:52');
INSERT INTO booking (Id, Customer_Id, Timestamp) VALUES (21, 21, '2022-01-11 17:49:55');
INSERT INTO booking (Id, Customer_Id, Timestamp) VALUES (22, 22, '2022-01-11 17:49:58');
INSERT INTO booking (Id, Customer_Id, Timestamp) VALUES (23, 23, '2022-01-11 17:50:00');
INSERT INTO booking (Id, Customer_Id, Timestamp) VALUES (24, 24, '2022-01-11 17:50:02');
INSERT INTO booking (Id, Customer_Id, Timestamp) VALUES (25, 25, '2022-01-11 17:50:08');
INSERT INTO booking (Id, Customer_Id, Timestamp) VALUES (26, 26, '2022-01-11 17:50:11');
INSERT INTO booking (Id, Customer_Id, Timestamp) VALUES (27, 27, '2022-01-11 17:50:14');
INSERT INTO booking (Id, Customer_Id, Timestamp) VALUES (28, 28, '2022-01-11 17:50:17');
INSERT INTO booking (Id, Customer_Id, Timestamp) VALUES (29, 29, '2022-01-11 17:50:21');
INSERT INTO booking (Id, Customer_Id, Timestamp) VALUES (30, 30, '2022-01-11 17:50:24');
INSERT INTO booking (Id, Customer_Id, Timestamp) VALUES (31, 31, '2022-01-11 17:50:28');
INSERT INTO booking (Id, Customer_Id, Timestamp) VALUES (32, 32, '2022-01-11 17:50:31');
INSERT INTO booking (Id, Customer_Id, Timestamp) VALUES (33, 33, '2022-01-11 17:50:33');
INSERT INTO booking (Id, Customer_Id, Timestamp) VALUES (34, 34, '2022-01-11 17:50:35');
INSERT INTO booking (Id, Customer_Id, Timestamp) VALUES (35, 35, '2022-01-11 17:50:38');
INSERT INTO booking (Id, Customer_Id, Timestamp) VALUES (36, 36, '2022-01-11 17:50:41');
INSERT INTO booking (Id, Customer_Id, Timestamp) VALUES (37, 37, '2022-01-11 17:50:43');
INSERT INTO booking (Id, Customer_Id, Timestamp) VALUES (38, 38, '2022-01-11 17:50:45');
INSERT INTO booking (Id, Customer_Id, Timestamp) VALUES (39, 39, '2022-01-11 17:50:48');
INSERT INTO booking (Id, Customer_Id, Timestamp) VALUES (40, 40, '2022-01-11 17:50:51');
INSERT INTO booking (Id, Customer_Id, Timestamp) VALUES (41, 41, '2022-01-11 17:50:55');
INSERT INTO booking (Id, Customer_Id, Timestamp) VALUES (42, 42, '2022-01-11 17:50:57');
INSERT INTO booking (Id, Customer_Id, Timestamp) VALUES (43, 43, '2022-01-11 17:51:01');
INSERT INTO booking (Id, Customer_Id, Timestamp) VALUES (44, 44, '2022-01-11 17:51:03');
INSERT INTO booking (Id, Customer_Id, Timestamp) VALUES (45, 45, '2022-01-11 17:51:05');
INSERT INTO booking (Id, Customer_Id, Timestamp) VALUES (46, 46, '2022-01-11 17:51:07');
INSERT INTO booking (Id, Customer_Id, Timestamp) VALUES (47, 47, '2022-01-11 17:51:09');
INSERT INTO booking (Id, Customer_Id, Timestamp) VALUES (48, 48, '2022-01-11 17:51:12');
INSERT INTO booking (Id, Customer_Id, Timestamp) VALUES (49, 49, '2022-01-11 17:51:14');
INSERT INTO booking (Id, Customer_Id, Timestamp) VALUES (50, 50, '2022-01-11 17:51:18');

-- Table: booking_details
CREATE TABLE booking_details (Id INTEGER PRIMARY KEY NOT NULL, Booking_id INTEGER NOT NULL REFERENCES booking (Id) ON DELETE CASCADE, Hotel_id INTEGER NOT NULL REFERENCES hotel (Id), Room_Id INTEGER NOT NULL REFERENCES room (Id), Start_date DATE NOT NULL, End_date DATE NOT NULL);
INSERT INTO booking_details (Id, Booking_id, Hotel_id, Room_Id, Start_date, End_date) VALUES (1, 1, 1, 3, '2022-06-01', '2022-06-08');
INSERT INTO booking_details (Id, Booking_id, Hotel_id, Room_Id, Start_date, End_date) VALUES (2, 2, 1, 11, '2022-06-17', '2022-06-28');
INSERT INTO booking_details (Id, Booking_id, Hotel_id, Room_Id, Start_date, End_date) VALUES (3, 3, 1, 23, '2022-06-13', '2022-06-21');
INSERT INTO booking_details (Id, Booking_id, Hotel_id, Room_Id, Start_date, End_date) VALUES (4, 4, 1, 14, '2022-06-18', '2022-06-25');
INSERT INTO booking_details (Id, Booking_id, Hotel_id, Room_Id, Start_date, End_date) VALUES (5, 5, 1, 5, '2022-07-02', '2022-07-14');
INSERT INTO booking_details (Id, Booking_id, Hotel_id, Room_Id, Start_date, End_date) VALUES (6, 6, 1, 18, '2022-07-05', '2022-07-12');
INSERT INTO booking_details (Id, Booking_id, Hotel_id, Room_Id, Start_date, End_date) VALUES (7, 7, 1, 21, '2022-07-07', '2022-07-15');
INSERT INTO booking_details (Id, Booking_id, Hotel_id, Room_Id, Start_date, End_date) VALUES (8, 8, 1, 13, '2022-07-10', '2022-07-21');
INSERT INTO booking_details (Id, Booking_id, Hotel_id, Room_Id, Start_date, End_date) VALUES (9, 9, 2, 41, '2022-05-03', '2022-05-13');
INSERT INTO booking_details (Id, Booking_id, Hotel_id, Room_Id, Start_date, End_date) VALUES (10, 10, 2, 39, '2022-05-10', '2022-05-17');
INSERT INTO booking_details (Id, Booking_id, Hotel_id, Room_Id, Start_date, End_date) VALUES (11, 11, 2, 50, '2022-05-15', '2022-05-24');
INSERT INTO booking_details (Id, Booking_id, Hotel_id, Room_Id, Start_date, End_date) VALUES (12, 12, 2, 56, '2022-06-01', '2022-06-12');
INSERT INTO booking_details (Id, Booking_id, Hotel_id, Room_Id, Start_date, End_date) VALUES (13, 13, 2, 33, '2022-06-01', '2022-06-18');
INSERT INTO booking_details (Id, Booking_id, Hotel_id, Room_Id, Start_date, End_date) VALUES (14, 14, 2, 37, '2022-06-03', '2022-06-13');
INSERT INTO booking_details (Id, Booking_id, Hotel_id, Room_Id, Start_date, End_date) VALUES (15, 15, 2, 49, '2022-06-11', '2022-06-21');
INSERT INTO booking_details (Id, Booking_id, Hotel_id, Room_Id, Start_date, End_date) VALUES (16, 16, 2, 55, '2022-06-22', '2022-07-04');
INSERT INTO booking_details (Id, Booking_id, Hotel_id, Room_Id, Start_date, End_date) VALUES (17, 17, 3, 61, '2022-04-02', '2022-04-08');
INSERT INTO booking_details (Id, Booking_id, Hotel_id, Room_Id, Start_date, End_date) VALUES (18, 18, 3, 84, '2022-04-16', '2022-04-26');
INSERT INTO booking_details (Id, Booking_id, Hotel_id, Room_Id, Start_date, End_date) VALUES (19, 19, 3, 73, '2022-04-27', '2022-05-05');
INSERT INTO booking_details (Id, Booking_id, Hotel_id, Room_Id, Start_date, End_date) VALUES (20, 20, 3, 69, '2022-05-03', '2022-05-18');
INSERT INTO booking_details (Id, Booking_id, Hotel_id, Room_Id, Start_date, End_date) VALUES (21, 21, 3, 72, '2022-05-13', '2022-05-18');
INSERT INTO booking_details (Id, Booking_id, Hotel_id, Room_Id, Start_date, End_date) VALUES (22, 22, 3, 83, '2022-05-15', '2022-05-28');
INSERT INTO booking_details (Id, Booking_id, Hotel_id, Room_Id, Start_date, End_date) VALUES (23, 23, 3, 90, '2022-06-02', '2022-06-12');
INSERT INTO booking_details (Id, Booking_id, Hotel_id, Room_Id, Start_date, End_date) VALUES (24, 24, 3, 75, '2022-06-03', '2022-06-10');
INSERT INTO booking_details (Id, Booking_id, Hotel_id, Room_Id, Start_date, End_date) VALUES (25, 25, 4, 110, '2022-06-03', '2022-06-11');
INSERT INTO booking_details (Id, Booking_id, Hotel_id, Room_Id, Start_date, End_date) VALUES (26, 26, 4, 98, '2022-06-07', '2022-06-14');
INSERT INTO booking_details (Id, Booking_id, Hotel_id, Room_Id, Start_date, End_date) VALUES (27, 27, 4, 94, '2022-06-07', '2022-06-18');
INSERT INTO booking_details (Id, Booking_id, Hotel_id, Room_Id, Start_date, End_date) VALUES (28, 28, 4, 118, '2022-06-12', '2022-06-17');
INSERT INTO booking_details (Id, Booking_id, Hotel_id, Room_Id, Start_date, End_date) VALUES (29, 29, 4, 111, '2022-07-12', '2022-06-19');
INSERT INTO booking_details (Id, Booking_id, Hotel_id, Room_Id, Start_date, End_date) VALUES (30, 30, 4, 105, '2022-07-10', '2022-06-23');
INSERT INTO booking_details (Id, Booking_id, Hotel_id, Room_Id, Start_date, End_date) VALUES (31, 31, 4, 100, '2022-07-15', '2022-06-23');
INSERT INTO booking_details (Id, Booking_id, Hotel_id, Room_Id, Start_date, End_date) VALUES (32, 32, 4, 95, '2022-07-21', '2022-08-04');
INSERT INTO booking_details (Id, Booking_id, Hotel_id, Room_Id, Start_date, End_date) VALUES (33, 33, 5, 129, '2022-07-24', '2022-08-07');
INSERT INTO booking_details (Id, Booking_id, Hotel_id, Room_Id, Start_date, End_date) VALUES (34, 34, 5, 133, '2022-08-03', '2022-08-09');
INSERT INTO booking_details (Id, Booking_id, Hotel_id, Room_Id, Start_date, End_date) VALUES (35, 35, 5, 137, '2022-08-07', '2022-08-14');
INSERT INTO booking_details (Id, Booking_id, Hotel_id, Room_Id, Start_date, End_date) VALUES (36, 36, 5, 126, '2022-08-13', '2022-08-21');
INSERT INTO booking_details (Id, Booking_id, Hotel_id, Room_Id, Start_date, End_date) VALUES (37, 37, 5, 142, '2022-08-18', '2022-08-26');
INSERT INTO booking_details (Id, Booking_id, Hotel_id, Room_Id, Start_date, End_date) VALUES (38, 38, 5, 145, '2022-08-19', '2022-09-02');
INSERT INTO booking_details (Id, Booking_id, Hotel_id, Room_Id, Start_date, End_date) VALUES (39, 39, 5, 148, '2022-08-19', '2022-09-06');
INSERT INTO booking_details (Id, Booking_id, Hotel_id, Room_Id, Start_date, End_date) VALUES (40, 40, 5, 131, '2022-09-13', '2022-09-25');
INSERT INTO booking_details (Id, Booking_id, Hotel_id, Room_Id, Start_date, End_date) VALUES (41, 41, 6, 180, '2022-06-13', '2022-06-25');
INSERT INTO booking_details (Id, Booking_id, Hotel_id, Room_Id, Start_date, End_date) VALUES (42, 42, 6, 166, '2022-06-02', '2022-06-14');
INSERT INTO booking_details (Id, Booking_id, Hotel_id, Room_Id, Start_date, End_date) VALUES (43, 43, 6, 172, '2022-06-14', '2022-06-23');
INSERT INTO booking_details (Id, Booking_id, Hotel_id, Room_Id, Start_date, End_date) VALUES (44, 44, 6, 159, '2022-06-21', '2022-07-05');
INSERT INTO booking_details (Id, Booking_id, Hotel_id, Room_Id, Start_date, End_date) VALUES (45, 45, 6, 160, '2022-06-21', '2022-07-07');
INSERT INTO booking_details (Id, Booking_id, Hotel_id, Room_Id, Start_date, End_date) VALUES (46, 46, 6, 156, '2022-07-07', '2022-07-14');
INSERT INTO booking_details (Id, Booking_id, Hotel_id, Room_Id, Start_date, End_date) VALUES (47, 47, 6, 177, '2022-07-08', '2022-07-16');
INSERT INTO booking_details (Id, Booking_id, Hotel_id, Room_Id, Start_date, End_date) VALUES (48, 48, 6, 158, '2022-07-09', '2022-07-19');
INSERT INTO booking_details (Id, Booking_id, Hotel_id, Room_Id, Start_date, End_date) VALUES (49, 49, 6, 165, '2022-07-10', '2022-07-19');
INSERT INTO booking_details (Id, Booking_id, Hotel_id, Room_Id, Start_date, End_date) VALUES (50, 50, 6, 163, '2022-07-11', '2022-07-23');

-- Table: customers
CREATE TABLE customers (Id INTEGER PRIMARY KEY NOT NULL, First_name VARCHAR NOT NULL, Last_name VARCHAR NOT NULL, Email_address VARCHAR NOT NULL, Phone_number VARCHAR NOT NULL, Date_of_birth DATE NOT NULL);
INSERT INTO customers (Id, First_name, Last_name, Email_address, Phone_number, Date_of_birth) VALUES (1, 'Isadora', 'Arsmith', 'iarsmith0@macromedia.com', '+52 335 252 8239', '2001-09-26');
INSERT INTO customers (Id, First_name, Last_name, Email_address, Phone_number, Date_of_birth) VALUES (2, 'Rochell', 'Barnwille', 'rbarnwille1@naver.com', '+86 205 517 0859', '1964-08-17');
INSERT INTO customers (Id, First_name, Last_name, Email_address, Phone_number, Date_of_birth) VALUES (3, 'Ethelin', 'Girardy', 'egirardy2@cargocollective.com', '+86 665 325 5237', '1998-09-12');
INSERT INTO customers (Id, First_name, Last_name, Email_address, Phone_number, Date_of_birth) VALUES (4, 'Pammie', 'Tolumello', 'ptolumello3@blogtalkradio.com', '+86 400 821 2206', '1939-07-16');
INSERT INTO customers (Id, First_name, Last_name, Email_address, Phone_number, Date_of_birth) VALUES (5, 'Hercules', 'Skehan', 'hskehan4@nhs.uk', '+63 954 819 5539', '1939-01-04');
INSERT INTO customers (Id, First_name, Last_name, Email_address, Phone_number, Date_of_birth) VALUES (6, 'Noland', 'Toffetto', 'ntoffetto5@com.com', '+46 653 370 8334', '1930-10-25');
INSERT INTO customers (Id, First_name, Last_name, Email_address, Phone_number, Date_of_birth) VALUES (7, 'Amberly', 'Kenyam', 'akenyam6@netlog.com', '+62 692 404 2525', '2003-02-11');
INSERT INTO customers (Id, First_name, Last_name, Email_address, Phone_number, Date_of_birth) VALUES (8, 'Gustave', 'De Mars', 'gdemars7@phpbb.com', '+218 264 507 6325', '1985-08-27');
INSERT INTO customers (Id, First_name, Last_name, Email_address, Phone_number, Date_of_birth) VALUES (9, 'Dieter', 'Bowick', 'dbowick8@dot.gov', '+86 837 816 7832', '1940-04-30');
INSERT INTO customers (Id, First_name, Last_name, Email_address, Phone_number, Date_of_birth) VALUES (10, 'Pammie', 'Laxtonne', 'plaxtonne9@usatoday.com', '+62 846 586 0672', '1984-12-18');
INSERT INTO customers (Id, First_name, Last_name, Email_address, Phone_number, Date_of_birth) VALUES (11, 'Fonsie', 'Nesterov', 'fnesterova@shop-pro.jp', '+1 666 753 3929', '1996-09-10');
INSERT INTO customers (Id, First_name, Last_name, Email_address, Phone_number, Date_of_birth) VALUES (12, 'Chan', 'Haggas', 'chaggasb@e-recht24.de', '+82 231 657 1534', '1963-02-11');
INSERT INTO customers (Id, First_name, Last_name, Email_address, Phone_number, Date_of_birth) VALUES (13, 'Maren', 'Braghini', 'mbraghinic@geocities.jp', '+81 911 806 2423', '1982-02-18');
INSERT INTO customers (Id, First_name, Last_name, Email_address, Phone_number, Date_of_birth) VALUES (14, 'Mimi', 'Gosswell', 'mgosswelld@imgur.com', '+92 156 457 1762', '1987-10-24');
INSERT INTO customers (Id, First_name, Last_name, Email_address, Phone_number, Date_of_birth) VALUES (15, 'Ellary', 'McIlwaine', 'emcilwainee@yellowpages.com', '+7 799 163 2490', '1931-01-24');
INSERT INTO customers (Id, First_name, Last_name, Email_address, Phone_number, Date_of_birth) VALUES (16, 'Holden', 'Bengochea', 'hbengocheaf@abc.net.au', '+54 814 900 1256', '1939-04-08');
INSERT INTO customers (Id, First_name, Last_name, Email_address, Phone_number, Date_of_birth) VALUES (17, 'Sabrina', 'Gouda', 'sgoudag@sogou.com', '+269 290 411 8685', '1974-07-29');
INSERT INTO customers (Id, First_name, Last_name, Email_address, Phone_number, Date_of_birth) VALUES (18, 'Oran', 'Bromehed', 'obromehedh@seesaa.net', '+63 474 693 8276', '1946-05-14');
INSERT INTO customers (Id, First_name, Last_name, Email_address, Phone_number, Date_of_birth) VALUES (19, 'Wylma', 'Manuelli', 'wmanuellii@phoca.cz', '+1 701 931 0699', '1934-08-20');
INSERT INTO customers (Id, First_name, Last_name, Email_address, Phone_number, Date_of_birth) VALUES (20, 'Joeann', 'Norgate', 'jnorgatej@ovh.net', '+81 826 246 1012', '1954-01-12');
INSERT INTO customers (Id, First_name, Last_name, Email_address, Phone_number, Date_of_birth) VALUES (21, 'Christoper', 'Golbourn', 'cgolbournk@apache.org', '+234 689 340 0625', '1993-02-17');
INSERT INTO customers (Id, First_name, Last_name, Email_address, Phone_number, Date_of_birth) VALUES (22, 'Rodd', 'Karlolak', 'rkarlolakl@exblog.jp', '+54 564 758 8318', '1936-06-12');
INSERT INTO customers (Id, First_name, Last_name, Email_address, Phone_number, Date_of_birth) VALUES (23, 'Charlot', 'Vasilechko', 'cvasilechkom@meetup.com', '+46 672 349 6465', '1967-01-01');
INSERT INTO customers (Id, First_name, Last_name, Email_address, Phone_number, Date_of_birth) VALUES (24, 'Westbrook', 'Lukovic', 'wlukovicn@skype.com', '+351 239 503 3566', '1941-04-01');
INSERT INTO customers (Id, First_name, Last_name, Email_address, Phone_number, Date_of_birth) VALUES (25, 'Jamie', 'Troubridge', 'jtroubridgeo@amazon.de', '+27 341 495 4340', '1946-10-25');
INSERT INTO customers (Id, First_name, Last_name, Email_address, Phone_number, Date_of_birth) VALUES (26, 'Marguerite', 'Horribine', 'mhorribinep@privacy.gov.au', '+47 242 981 5028', '1961-11-07');
INSERT INTO customers (Id, First_name, Last_name, Email_address, Phone_number, Date_of_birth) VALUES (27, 'Jobyna', 'Curteis', 'jcurteisq@twitpic.com', '+1 210 544 2071', '1948-10-11');
INSERT INTO customers (Id, First_name, Last_name, Email_address, Phone_number, Date_of_birth) VALUES (28, 'Madelene', 'Sivorn', 'msivornr@tripadvisor.com', '+81 125 335 0147', '1993-02-28');
INSERT INTO customers (Id, First_name, Last_name, Email_address, Phone_number, Date_of_birth) VALUES (29, 'Sergei', 'Constantinou', 'sconstantinous@vinaora.com', '+86 386 134 6014', '1940-11-05');
INSERT INTO customers (Id, First_name, Last_name, Email_address, Phone_number, Date_of_birth) VALUES (30, 'Pepillo', 'Oaker', 'poakert@a8.net', '+86 482 181 0583', '1932-01-17');
INSERT INTO customers (Id, First_name, Last_name, Email_address, Phone_number, Date_of_birth) VALUES (31, 'Nickola', 'Twigg', 'ntwiggu@unesco.org', '+223 158 888 7692', '1988-07-18');
INSERT INTO customers (Id, First_name, Last_name, Email_address, Phone_number, Date_of_birth) VALUES (32, 'Benny', 'McNuff', 'bmcnuffv@wikispaces.com', '+86 513 917 6835', '1964-07-03');
INSERT INTO customers (Id, First_name, Last_name, Email_address, Phone_number, Date_of_birth) VALUES (33, 'Ferguson', 'Puckey', 'fpuckeyw@cyberchimps.com', '+351 145 723 7956', '1985-03-09');
INSERT INTO customers (Id, First_name, Last_name, Email_address, Phone_number, Date_of_birth) VALUES (34, 'Nadine', 'Tadd', 'ntaddx@apache.org', '+1 605 906 6006', '1970-11-22');
INSERT INTO customers (Id, First_name, Last_name, Email_address, Phone_number, Date_of_birth) VALUES (35, 'Griz', 'Sinnie', 'gsinniey@zimbio.com', '+62 515 955 2758', '1954-02-02');
INSERT INTO customers (Id, First_name, Last_name, Email_address, Phone_number, Date_of_birth) VALUES (36, 'Tanya', 'Thunder', 'tthunderz@ucoz.com', '+251 288 554 8496', '1938-03-27');
INSERT INTO customers (Id, First_name, Last_name, Email_address, Phone_number, Date_of_birth) VALUES (37, 'Lucho', 'Hewes', 'lhewes10@imgur.com', '+62 150 969 0906', '1976-07-14');
INSERT INTO customers (Id, First_name, Last_name, Email_address, Phone_number, Date_of_birth) VALUES (38, 'Sampson', 'Carson', 'scarson11@macromedia.com', '+33 120 336 5256', '1966-09-14');
INSERT INTO customers (Id, First_name, Last_name, Email_address, Phone_number, Date_of_birth) VALUES (39, 'Cindy', 'Edgworth', 'cedgworth12@ucsd.edu', '+86 775 935 1608', '1959-02-27');
INSERT INTO customers (Id, First_name, Last_name, Email_address, Phone_number, Date_of_birth) VALUES (40, 'Anna-diane', 'Trueman', 'atrueman13@gizmodo.com', '+358 157 235 7910', '1980-10-13');
INSERT INTO customers (Id, First_name, Last_name, Email_address, Phone_number, Date_of_birth) VALUES (41, 'Karlis', 'Sambell', 'ksambell14@so-net.ne.jp', '+351 156 470 1305', '1960-04-23');
INSERT INTO customers (Id, First_name, Last_name, Email_address, Phone_number, Date_of_birth) VALUES (42, 'Dorothy', 'Cazereau', 'dcazereau15@zimbio.com', '+1 326 561 2345', '1945-02-08');
INSERT INTO customers (Id, First_name, Last_name, Email_address, Phone_number, Date_of_birth) VALUES (43, 'Bernie', 'Woodes', 'bwoodes16@spiegel.de', '+1 512 248 6798', '1965-09-20');
INSERT INTO customers (Id, First_name, Last_name, Email_address, Phone_number, Date_of_birth) VALUES (44, 'Emelita', 'Corneil', 'ecorneil17@ning.com', '+66 867 645 3368', '1984-06-13');
INSERT INTO customers (Id, First_name, Last_name, Email_address, Phone_number, Date_of_birth) VALUES (45, 'Ken', 'Towersey', 'ktowersey18@behance.net', '+374 297 377 0124', '1932-06-22');
INSERT INTO customers (Id, First_name, Last_name, Email_address, Phone_number, Date_of_birth) VALUES (46, 'Alane', 'Chichgar', 'achichgar19@illinois.edu', '+86 938 760 9745', '1991-09-18');
INSERT INTO customers (Id, First_name, Last_name, Email_address, Phone_number, Date_of_birth) VALUES (47, 'Melba', 'Winkworth', 'mwinkworth1a@livejournal.com', '+7 533 490 0642', '1971-10-31');
INSERT INTO customers (Id, First_name, Last_name, Email_address, Phone_number, Date_of_birth) VALUES (48, 'Aimil', 'Sprulls', 'asprulls1b@github.io', '+49 636 371 5159', '1939-02-20');
INSERT INTO customers (Id, First_name, Last_name, Email_address, Phone_number, Date_of_birth) VALUES (49, 'Cristobal', 'Tondeur', 'ctondeur1c@rakuten.co.jp', '+86 547 487 0185', '1993-07-23');
INSERT INTO customers (Id, First_name, Last_name, Email_address, Phone_number, Date_of_birth) VALUES (50, 'Frederico', 'Lanfer', 'flanfer1d@flavors.me', '+57 923 411 0644', '1946-07-01');

-- Table: guests
CREATE TABLE guests (Id INTEGER PRIMARY KEY NOT NULL, Booking_Id INTEGER NOT NULL REFERENCES booking (Id), First_name VARCHAR NOT NULL, Last_name VARCHAR NOT NULL, Phone_number VARCHAR NOT NULL, Email_address VARCHAR NOT NULL, Date_of_birth DATE NOT NULL);

-- Table: hotel
CREATE TABLE hotel (Id INTEGER PRIMARY KEY NOT NULL, Name VARCHAR NOT NULL, Address VARCHAR NOT NULL, Pool VARCHAR, Restaurant VARCHAR, Enterteinment VARCHAR, Childrens_club VARCHAR);
INSERT INTO hotel (Id, Name, Address, Pool, Restaurant, Enterteinment, Childrens_club) VALUES (1, 'The Cove at Atlantis', '1 Casino Drive, Paradise Island, NP N-4777 Nassau, Bahamas', 'Yes', 'Yes', 'Yes', 'Yes');
INSERT INTO hotel (Id, Name, Address, Pool, Restaurant, Enterteinment, Childrens_club) VALUES (2, 'Hilton San Francisco Union Square', '333 O''Farrell Street, Union Square, San Francisco, CA 94102, USA', 'Yes', 'Yes', 'Yes', 'No');
INSERT INTO hotel (Id, Name, Address, Pool, Restaurant, Enterteinment, Childrens_club) VALUES (3, 'Scandic Continental', 'Vasagatan 22
Stockholm', 'No', 'Yes', 'Yes', 'No');
INSERT INTO hotel (Id, Name, Address, Pool, Restaurant, Enterteinment, Childrens_club) VALUES (4, 'Gothia Towers', 'Mässans gata 24, Göteborg', 'Yes', 'Yes', 'Yes', 'Yes');
INSERT INTO hotel (Id, Name, Address, Pool, Restaurant, Enterteinment, Childrens_club) VALUES (5, 'Hotel Skt Petri', 'Krystalgade 22, 1172 Köpenhamn, Danmark', 'No', 'Yes', 'No', 'Yes');
INSERT INTO hotel (Id, Name, Address, Pool, Restaurant, Enterteinment, Childrens_club) VALUES (6, 'Coco Key Hotel & Water Park Resort ', '7400 International Drive, Orlando, FL 32819, USA', 'Yes', 'Yes', 'No', 'Yes');

-- Table: room
CREATE TABLE room (Id INTEGER PRIMARY KEY NOT NULL, Hotel_id INTEGER REFERENCES hotel (Id) NOT NULL, Number INTEGER NOT NULL, Name VARCHAR, Number_of_beds INTEGER NOT NULL);
INSERT INTO room (Id, Hotel_id, Number, Name, Number_of_beds) VALUES (1, 1, 274, 'Double room', 2);
INSERT INTO room (Id, Hotel_id, Number, Name, Number_of_beds) VALUES (2, 1, 348, 'Family room', 4);
INSERT INTO room (Id, Hotel_id, Number, Name, Number_of_beds) VALUES (3, 1, 326, 'Single room', 1);
INSERT INTO room (Id, Hotel_id, Number, Name, Number_of_beds) VALUES (4, 1, 285, 'Suite', 3);
INSERT INTO room (Id, Hotel_id, Number, Name, Number_of_beds) VALUES (5, 1, 250, 'Double room', 2);
INSERT INTO room (Id, Hotel_id, Number, Name, Number_of_beds) VALUES (6, 1, 245, 'Suite', 3);
INSERT INTO room (Id, Hotel_id, Number, Name, Number_of_beds) VALUES (7, 1, 125, 'Double room', 2);
INSERT INTO room (Id, Hotel_id, Number, Name, Number_of_beds) VALUES (8, 1, 353, 'Suite', 3);
INSERT INTO room (Id, Hotel_id, Number, Name, Number_of_beds) VALUES (9, 1, 231, 'Suite', 3);
INSERT INTO room (Id, Hotel_id, Number, Name, Number_of_beds) VALUES (10, 1, 244, 'Single room', 1);
INSERT INTO room (Id, Hotel_id, Number, Name, Number_of_beds) VALUES (11, 1, 168, 'Double room', 2);
INSERT INTO room (Id, Hotel_id, Number, Name, Number_of_beds) VALUES (12, 1, 398, 'Double room', 2);
INSERT INTO room (Id, Hotel_id, Number, Name, Number_of_beds) VALUES (13, 1, 198, 'Single room', 1);
INSERT INTO room (Id, Hotel_id, Number, Name, Number_of_beds) VALUES (14, 1, 357, 'Suite', 3);
INSERT INTO room (Id, Hotel_id, Number, Name, Number_of_beds) VALUES (15, 1, 329, 'Double room', 2);
INSERT INTO room (Id, Hotel_id, Number, Name, Number_of_beds) VALUES (16, 1, 202, 'Single room', 1);
INSERT INTO room (Id, Hotel_id, Number, Name, Number_of_beds) VALUES (17, 1, 400, 'Suite', 3);
INSERT INTO room (Id, Hotel_id, Number, Name, Number_of_beds) VALUES (18, 1, 146, 'Suite', 3);
INSERT INTO room (Id, Hotel_id, Number, Name, Number_of_beds) VALUES (19, 1, 337, 'Single room', 1);
INSERT INTO room (Id, Hotel_id, Number, Name, Number_of_beds) VALUES (20, 1, 335, 'Single room', 1);
INSERT INTO room (Id, Hotel_id, Number, Name, Number_of_beds) VALUES (21, 1, 372, 'Suite', 3);
INSERT INTO room (Id, Hotel_id, Number, Name, Number_of_beds) VALUES (22, 1, 301, 'Double room', 2);
INSERT INTO room (Id, Hotel_id, Number, Name, Number_of_beds) VALUES (23, 1, 286, 'Family room', 4);
INSERT INTO room (Id, Hotel_id, Number, Name, Number_of_beds) VALUES (24, 1, 284, 'Double room', 2);
INSERT INTO room (Id, Hotel_id, Number, Name, Number_of_beds) VALUES (25, 1, 148, 'Double room', 2);
INSERT INTO room (Id, Hotel_id, Number, Name, Number_of_beds) VALUES (26, 1, 134, 'Single room', 1);
INSERT INTO room (Id, Hotel_id, Number, Name, Number_of_beds) VALUES (27, 1, 390, 'Double room', 2);
INSERT INTO room (Id, Hotel_id, Number, Name, Number_of_beds) VALUES (28, 1, 297, 'Double room', 2);
INSERT INTO room (Id, Hotel_id, Number, Name, Number_of_beds) VALUES (29, 1, 298, 'Double room', 2);
INSERT INTO room (Id, Hotel_id, Number, Name, Number_of_beds) VALUES (30, 1, 352, 'Single room', 1);
INSERT INTO room (Id, Hotel_id, Number, Name, Number_of_beds) VALUES (31, 2, 315, 'Family room', 4);
INSERT INTO room (Id, Hotel_id, Number, Name, Number_of_beds) VALUES (32, 2, 175, 'Double room', 2);
INSERT INTO room (Id, Hotel_id, Number, Name, Number_of_beds) VALUES (33, 2, 354, 'Family room', 4);
INSERT INTO room (Id, Hotel_id, Number, Name, Number_of_beds) VALUES (34, 2, 309, 'Double room', 2);
INSERT INTO room (Id, Hotel_id, Number, Name, Number_of_beds) VALUES (35, 2, 334, 'Suite', 3);
INSERT INTO room (Id, Hotel_id, Number, Name, Number_of_beds) VALUES (36, 2, 284, 'Single room', 1);
INSERT INTO room (Id, Hotel_id, Number, Name, Number_of_beds) VALUES (37, 2, 364, 'Single room', 1);
INSERT INTO room (Id, Hotel_id, Number, Name, Number_of_beds) VALUES (38, 2, 248, 'Family room', 4);
INSERT INTO room (Id, Hotel_id, Number, Name, Number_of_beds) VALUES (39, 2, 112, 'Single room', 1);
INSERT INTO room (Id, Hotel_id, Number, Name, Number_of_beds) VALUES (40, 2, 180, 'Suite', 3);
INSERT INTO room (Id, Hotel_id, Number, Name, Number_of_beds) VALUES (41, 2, 257, 'Family room', 4);
INSERT INTO room (Id, Hotel_id, Number, Name, Number_of_beds) VALUES (42, 2, 310, 'Single room', 1);
INSERT INTO room (Id, Hotel_id, Number, Name, Number_of_beds) VALUES (43, 2, 150, 'Family room', 4);
INSERT INTO room (Id, Hotel_id, Number, Name, Number_of_beds) VALUES (44, 2, 361, 'Suite', 3);
INSERT INTO room (Id, Hotel_id, Number, Name, Number_of_beds) VALUES (45, 2, 236, 'Family room', 4);
INSERT INTO room (Id, Hotel_id, Number, Name, Number_of_beds) VALUES (46, 2, 188, 'Single room', 1);
INSERT INTO room (Id, Hotel_id, Number, Name, Number_of_beds) VALUES (47, 2, 160, 'Double room', 2);
INSERT INTO room (Id, Hotel_id, Number, Name, Number_of_beds) VALUES (48, 2, 132, 'Single room', 1);
INSERT INTO room (Id, Hotel_id, Number, Name, Number_of_beds) VALUES (49, 2, 311, 'Single room', 1);
INSERT INTO room (Id, Hotel_id, Number, Name, Number_of_beds) VALUES (50, 2, 170, 'Family room', 4);
INSERT INTO room (Id, Hotel_id, Number, Name, Number_of_beds) VALUES (51, 2, 226, 'Double room', 2);
INSERT INTO room (Id, Hotel_id, Number, Name, Number_of_beds) VALUES (52, 2, 140, 'Family room', 4);
INSERT INTO room (Id, Hotel_id, Number, Name, Number_of_beds) VALUES (53, 2, 220, 'Suite', 3);
INSERT INTO room (Id, Hotel_id, Number, Name, Number_of_beds) VALUES (54, 2, 161, 'Family room', 4);
INSERT INTO room (Id, Hotel_id, Number, Name, Number_of_beds) VALUES (55, 2, 230, 'Suite', 3);
INSERT INTO room (Id, Hotel_id, Number, Name, Number_of_beds) VALUES (56, 2, 191, 'Suite', 3);
INSERT INTO room (Id, Hotel_id, Number, Name, Number_of_beds) VALUES (57, 2, 169, 'Family room', 4);
INSERT INTO room (Id, Hotel_id, Number, Name, Number_of_beds) VALUES (58, 2, 281, 'Double room', 2);
INSERT INTO room (Id, Hotel_id, Number, Name, Number_of_beds) VALUES (59, 2, 345, 'Suite', 3);
INSERT INTO room (Id, Hotel_id, Number, Name, Number_of_beds) VALUES (60, 2, 221, 'Family room', 4);
INSERT INTO room (Id, Hotel_id, Number, Name, Number_of_beds) VALUES (61, 3, 244, 'Double room', 2);
INSERT INTO room (Id, Hotel_id, Number, Name, Number_of_beds) VALUES (62, 3, 142, 'Single room', 1);
INSERT INTO room (Id, Hotel_id, Number, Name, Number_of_beds) VALUES (63, 3, 235, 'Family room', 4);
INSERT INTO room (Id, Hotel_id, Number, Name, Number_of_beds) VALUES (64, 3, 178, 'Double room', 2);
INSERT INTO room (Id, Hotel_id, Number, Name, Number_of_beds) VALUES (65, 3, 315, 'Double room', 2);
INSERT INTO room (Id, Hotel_id, Number, Name, Number_of_beds) VALUES (66, 3, 123, 'Family room', 4);
INSERT INTO room (Id, Hotel_id, Number, Name, Number_of_beds) VALUES (67, 3, 132, 'Suite', 3);
INSERT INTO room (Id, Hotel_id, Number, Name, Number_of_beds) VALUES (68, 3, 278, 'Suite', 3);
INSERT INTO room (Id, Hotel_id, Number, Name, Number_of_beds) VALUES (69, 3, 298, 'Double room', 2);
INSERT INTO room (Id, Hotel_id, Number, Name, Number_of_beds) VALUES (70, 3, 120, 'Double room', 2);
INSERT INTO room (Id, Hotel_id, Number, Name, Number_of_beds) VALUES (71, 3, 101, 'Family room', 4);
INSERT INTO room (Id, Hotel_id, Number, Name, Number_of_beds) VALUES (72, 3, 285, 'Family room', 4);
INSERT INTO room (Id, Hotel_id, Number, Name, Number_of_beds) VALUES (73, 3, 190, 'Double room', 2);
INSERT INTO room (Id, Hotel_id, Number, Name, Number_of_beds) VALUES (74, 3, 220, 'Family room', 4);
INSERT INTO room (Id, Hotel_id, Number, Name, Number_of_beds) VALUES (75, 3, 381, 'Family room', 4);
INSERT INTO room (Id, Hotel_id, Number, Name, Number_of_beds) VALUES (76, 3, 147, 'Double room', 2);
INSERT INTO room (Id, Hotel_id, Number, Name, Number_of_beds) VALUES (77, 3, 255, 'Family room', 4);
INSERT INTO room (Id, Hotel_id, Number, Name, Number_of_beds) VALUES (78, 3, 191, 'Double room', 2);
INSERT INTO room (Id, Hotel_id, Number, Name, Number_of_beds) VALUES (79, 3, 114, 'Family room', 4);
INSERT INTO room (Id, Hotel_id, Number, Name, Number_of_beds) VALUES (80, 3, 151, 'Double room', 2);
INSERT INTO room (Id, Hotel_id, Number, Name, Number_of_beds) VALUES (81, 3, 234, 'Single room', 1);
INSERT INTO room (Id, Hotel_id, Number, Name, Number_of_beds) VALUES (82, 3, 273, 'Single room', 1);
INSERT INTO room (Id, Hotel_id, Number, Name, Number_of_beds) VALUES (83, 3, 128, 'Suite', 3);
INSERT INTO room (Id, Hotel_id, Number, Name, Number_of_beds) VALUES (84, 3, 287, 'Single room', 1);
INSERT INTO room (Id, Hotel_id, Number, Name, Number_of_beds) VALUES (85, 3, 243, 'Single room', 1);
INSERT INTO room (Id, Hotel_id, Number, Name, Number_of_beds) VALUES (86, 3, 335, 'Family room', 4);
INSERT INTO room (Id, Hotel_id, Number, Name, Number_of_beds) VALUES (87, 3, 113, 'Family room', 4);
INSERT INTO room (Id, Hotel_id, Number, Name, Number_of_beds) VALUES (88, 3, 336, 'Double room', 2);
INSERT INTO room (Id, Hotel_id, Number, Name, Number_of_beds) VALUES (89, 3, 374, 'Family room', 4);
INSERT INTO room (Id, Hotel_id, Number, Name, Number_of_beds) VALUES (90, 3, 165, 'Double room', 2);
INSERT INTO room (Id, Hotel_id, Number, Name, Number_of_beds) VALUES (91, 4, 133, 'Family room', 4);
INSERT INTO room (Id, Hotel_id, Number, Name, Number_of_beds) VALUES (92, 4, 358, 'Double room', 2);
INSERT INTO room (Id, Hotel_id, Number, Name, Number_of_beds) VALUES (93, 4, 325, 'Family room', 4);
INSERT INTO room (Id, Hotel_id, Number, Name, Number_of_beds) VALUES (94, 4, 298, 'Single room', 1);
INSERT INTO room (Id, Hotel_id, Number, Name, Number_of_beds) VALUES (95, 4, 256, 'Single room', 1);
INSERT INTO room (Id, Hotel_id, Number, Name, Number_of_beds) VALUES (96, 4, 164, 'Double room', 2);
INSERT INTO room (Id, Hotel_id, Number, Name, Number_of_beds) VALUES (97, 4, 261, 'Double room', 2);
INSERT INTO room (Id, Hotel_id, Number, Name, Number_of_beds) VALUES (98, 4, 241, 'Single room', 1);
INSERT INTO room (Id, Hotel_id, Number, Name, Number_of_beds) VALUES (99, 4, 174, 'Single room', 1);
INSERT INTO room (Id, Hotel_id, Number, Name, Number_of_beds) VALUES (100, 4, 320, 'Family room', 4);
INSERT INTO room (Id, Hotel_id, Number, Name, Number_of_beds) VALUES (101, 4, 356, 'Family room', 4);
INSERT INTO room (Id, Hotel_id, Number, Name, Number_of_beds) VALUES (102, 4, 165, 'Double room', 2);
INSERT INTO room (Id, Hotel_id, Number, Name, Number_of_beds) VALUES (103, 4, 166, 'Double room', 2);
INSERT INTO room (Id, Hotel_id, Number, Name, Number_of_beds) VALUES (104, 4, 369, 'Single room', 1);
INSERT INTO room (Id, Hotel_id, Number, Name, Number_of_beds) VALUES (105, 4, 359, 'Single room', 1);
INSERT INTO room (Id, Hotel_id, Number, Name, Number_of_beds) VALUES (106, 4, 281, 'Single room', 1);
INSERT INTO room (Id, Hotel_id, Number, Name, Number_of_beds) VALUES (107, 4, 163, 'Single room', 1);
INSERT INTO room (Id, Hotel_id, Number, Name, Number_of_beds) VALUES (108, 4, 191, 'Suite', 3);
INSERT INTO room (Id, Hotel_id, Number, Name, Number_of_beds) VALUES (109, 4, 231, 'Single room', 1);
INSERT INTO room (Id, Hotel_id, Number, Name, Number_of_beds) VALUES (110, 4, 387, 'Suite', 3);
INSERT INTO room (Id, Hotel_id, Number, Name, Number_of_beds) VALUES (111, 4, 195, 'Double room', 2);
INSERT INTO room (Id, Hotel_id, Number, Name, Number_of_beds) VALUES (112, 4, 198, 'Family room', 4);
INSERT INTO room (Id, Hotel_id, Number, Name, Number_of_beds) VALUES (113, 4, 383, 'Single room', 1);
INSERT INTO room (Id, Hotel_id, Number, Name, Number_of_beds) VALUES (114, 4, 106, 'Suite', 3);
INSERT INTO room (Id, Hotel_id, Number, Name, Number_of_beds) VALUES (115, 4, 127, 'Suite', 3);
INSERT INTO room (Id, Hotel_id, Number, Name, Number_of_beds) VALUES (116, 4, 384, 'Suite', 3);
INSERT INTO room (Id, Hotel_id, Number, Name, Number_of_beds) VALUES (117, 4, 240, 'Family room', 4);
INSERT INTO room (Id, Hotel_id, Number, Name, Number_of_beds) VALUES (118, 4, 313, 'Single room', 1);
INSERT INTO room (Id, Hotel_id, Number, Name, Number_of_beds) VALUES (119, 4, 278, 'Double room', 2);
INSERT INTO room (Id, Hotel_id, Number, Name, Number_of_beds) VALUES (120, 4, 208, 'Suite', 3);
INSERT INTO room (Id, Hotel_id, Number, Name, Number_of_beds) VALUES (121, 5, 217, 'Double room', 2);
INSERT INTO room (Id, Hotel_id, Number, Name, Number_of_beds) VALUES (122, 5, 154, 'Family room', 4);
INSERT INTO room (Id, Hotel_id, Number, Name, Number_of_beds) VALUES (123, 5, 173, 'Double room', 2);
INSERT INTO room (Id, Hotel_id, Number, Name, Number_of_beds) VALUES (124, 5, 285, 'Double room', 2);
INSERT INTO room (Id, Hotel_id, Number, Name, Number_of_beds) VALUES (125, 5, 159, 'Suite', 3);
INSERT INTO room (Id, Hotel_id, Number, Name, Number_of_beds) VALUES (126, 5, 267, 'Suite', 3);
INSERT INTO room (Id, Hotel_id, Number, Name, Number_of_beds) VALUES (127, 5, 338, 'Family room', 4);
INSERT INTO room (Id, Hotel_id, Number, Name, Number_of_beds) VALUES (128, 5, 166, 'Single room', 1);
INSERT INTO room (Id, Hotel_id, Number, Name, Number_of_beds) VALUES (129, 5, 375, 'Family room', 4);
INSERT INTO room (Id, Hotel_id, Number, Name, Number_of_beds) VALUES (130, 5, 191, 'Single room', 1);
INSERT INTO room (Id, Hotel_id, Number, Name, Number_of_beds) VALUES (131, 5, 273, 'Family room', 4);
INSERT INTO room (Id, Hotel_id, Number, Name, Number_of_beds) VALUES (132, 5, 239, 'Single room', 1);
INSERT INTO room (Id, Hotel_id, Number, Name, Number_of_beds) VALUES (133, 5, 203, 'Family room', 4);
INSERT INTO room (Id, Hotel_id, Number, Name, Number_of_beds) VALUES (134, 5, 303, 'Family room', 4);
INSERT INTO room (Id, Hotel_id, Number, Name, Number_of_beds) VALUES (135, 5, 357, 'Suite', 3);
INSERT INTO room (Id, Hotel_id, Number, Name, Number_of_beds) VALUES (136, 5, 395, 'Single room', 1);
INSERT INTO room (Id, Hotel_id, Number, Name, Number_of_beds) VALUES (137, 5, 225, 'Single room', 1);
INSERT INTO room (Id, Hotel_id, Number, Name, Number_of_beds) VALUES (138, 5, 362, 'Suite', 3);
INSERT INTO room (Id, Hotel_id, Number, Name, Number_of_beds) VALUES (139, 5, 234, 'Single room', 1);
INSERT INTO room (Id, Hotel_id, Number, Name, Number_of_beds) VALUES (140, 5, 280, 'Suite', 3);
INSERT INTO room (Id, Hotel_id, Number, Name, Number_of_beds) VALUES (141, 5, 201, 'Single room', 1);
INSERT INTO room (Id, Hotel_id, Number, Name, Number_of_beds) VALUES (142, 5, 343, 'Suite', 3);
INSERT INTO room (Id, Hotel_id, Number, Name, Number_of_beds) VALUES (143, 5, 302, 'Single room', 1);
INSERT INTO room (Id, Hotel_id, Number, Name, Number_of_beds) VALUES (144, 5, 275, 'Family room', 4);
INSERT INTO room (Id, Hotel_id, Number, Name, Number_of_beds) VALUES (145, 5, 256, 'Double room', 2);
INSERT INTO room (Id, Hotel_id, Number, Name, Number_of_beds) VALUES (146, 5, 270, 'Family room', 4);
INSERT INTO room (Id, Hotel_id, Number, Name, Number_of_beds) VALUES (147, 5, 138, 'Suite', 3);
INSERT INTO room (Id, Hotel_id, Number, Name, Number_of_beds) VALUES (148, 5, 143, 'Single room', 1);
INSERT INTO room (Id, Hotel_id, Number, Name, Number_of_beds) VALUES (149, 5, 292, 'Single room', 1);
INSERT INTO room (Id, Hotel_id, Number, Name, Number_of_beds) VALUES (150, 5, 106, 'Family room', 4);
INSERT INTO room (Id, Hotel_id, Number, Name, Number_of_beds) VALUES (151, 6, 290, 'Double room', 2);
INSERT INTO room (Id, Hotel_id, Number, Name, Number_of_beds) VALUES (152, 6, 266, 'Single room', 1);
INSERT INTO room (Id, Hotel_id, Number, Name, Number_of_beds) VALUES (153, 6, 198, 'Single room', 1);
INSERT INTO room (Id, Hotel_id, Number, Name, Number_of_beds) VALUES (154, 6, 235, 'Suite', 3);
INSERT INTO room (Id, Hotel_id, Number, Name, Number_of_beds) VALUES (155, 6, 268, 'Family room', 4);
INSERT INTO room (Id, Hotel_id, Number, Name, Number_of_beds) VALUES (156, 6, 175, 'Single room', 1);
INSERT INTO room (Id, Hotel_id, Number, Name, Number_of_beds) VALUES (157, 6, 373, 'Double room', 2);
INSERT INTO room (Id, Hotel_id, Number, Name, Number_of_beds) VALUES (158, 6, 366, 'Family room', 4);
INSERT INTO room (Id, Hotel_id, Number, Name, Number_of_beds) VALUES (159, 6, 211, 'Single room', 1);
INSERT INTO room (Id, Hotel_id, Number, Name, Number_of_beds) VALUES (160, 6, 128, 'Suite', 3);
INSERT INTO room (Id, Hotel_id, Number, Name, Number_of_beds) VALUES (161, 6, 293, 'Suite', 3);
INSERT INTO room (Id, Hotel_id, Number, Name, Number_of_beds) VALUES (162, 6, 158, 'Double room', 2);
INSERT INTO room (Id, Hotel_id, Number, Name, Number_of_beds) VALUES (163, 6, 106, 'Suite', 3);
INSERT INTO room (Id, Hotel_id, Number, Name, Number_of_beds) VALUES (164, 6, 157, 'Family room', 4);
INSERT INTO room (Id, Hotel_id, Number, Name, Number_of_beds) VALUES (165, 6, 339, 'Family room', 4);
INSERT INTO room (Id, Hotel_id, Number, Name, Number_of_beds) VALUES (166, 6, 359, 'Family room', 4);
INSERT INTO room (Id, Hotel_id, Number, Name, Number_of_beds) VALUES (167, 6, 331, 'Single room', 1);
INSERT INTO room (Id, Hotel_id, Number, Name, Number_of_beds) VALUES (168, 6, 306, 'Single room', 1);
INSERT INTO room (Id, Hotel_id, Number, Name, Number_of_beds) VALUES (169, 6, 256, 'Family room', 4);
INSERT INTO room (Id, Hotel_id, Number, Name, Number_of_beds) VALUES (170, 6, 330, 'Suite', 3);
INSERT INTO room (Id, Hotel_id, Number, Name, Number_of_beds) VALUES (171, 6, 269, 'Single room', 1);
INSERT INTO room (Id, Hotel_id, Number, Name, Number_of_beds) VALUES (172, 6, 386, 'Family room', 4);
INSERT INTO room (Id, Hotel_id, Number, Name, Number_of_beds) VALUES (173, 6, 125, 'Family room', 4);
INSERT INTO room (Id, Hotel_id, Number, Name, Number_of_beds) VALUES (174, 6, 303, 'Family room', 4);
INSERT INTO room (Id, Hotel_id, Number, Name, Number_of_beds) VALUES (175, 6, 267, 'Double room', 2);
INSERT INTO room (Id, Hotel_id, Number, Name, Number_of_beds) VALUES (176, 6, 197, 'Family room', 4);
INSERT INTO room (Id, Hotel_id, Number, Name, Number_of_beds) VALUES (177, 6, 148, 'Single room', 1);
INSERT INTO room (Id, Hotel_id, Number, Name, Number_of_beds) VALUES (178, 6, 291, 'Suite', 3);
INSERT INTO room (Id, Hotel_id, Number, Name, Number_of_beds) VALUES (179, 6, 378, 'Double room', 2);
INSERT INTO room (Id, Hotel_id, Number, Name, Number_of_beds) VALUES (180, 6, 232, 'Double room', 2);

COMMIT TRANSACTION;
PRAGMA foreign_keys = on;
